Country Name,Country Code,Series Name,Series Code,1990 [YR1990],1991 [YR1991],1992 [YR1992],1993 [YR1993],1994 [YR1994],1995 [YR1995],1996 [YR1996],1997 [YR1997],1998 [YR1998],1999 [YR1999],2000 [YR2000],2001 [YR2001],2002 [YR2002],2003 [YR2003],2004 [YR2004],2005 [YR2005],2006 [YR2006],2007 [YR2007],2008 [YR2008],2009 [YR2009],2010 [YR2010],2011 [YR2011],2012 [YR2012],2013 [YR2013],2014 [YR2014],2015 [YR2015],2016 [YR2016],2017 [YR2017],2018 [YR2018]
Afghanistan,AFG,Total GHG emissions by sector (Mt CO2 eq) - Total excluding LUCF,CC.GHG.EMSE.EL,15.18,15.1,13.63,13.46,13.27,13.48,14.44,15.34,16.1,16.91,15.08,13.49,16.09,16.78,16.52,17.4,21.04,24.88,31.54,36.96,44.91,58.65,66.75,74.8,84.62,93.73,95.37,97.3,98.92
Albania,ALB,Total GHG emissions by sector (Mt CO2 eq) - Total excluding LUCF,CC.GHG.EMSE.EL,11.31,8.95,6.89,6.83,7.67,7.43,7.15,6.42,6.67,7.89,8.22,8.19,8.82,9.25,9.31,9.1,9,9.05,8.79,8.85,9.13,9.63,9.24,9.44,9.93,9.85,9.72,10.29,10.08
Algeria,DZA,Total GHG emissions by sector (Mt CO2 eq) - Total excluding LUCF,CC.GHG.EMSE.EL,95.01,93.88,93.5,101.04,98.79,103,104.32,108.44,113.77,119.75,126.38,124.71,131.94,137.71,141.58,147.03,152.53,159.65,162.97,172.87,174.02,179.95,189.82,194,204.13,212.08,209.79,211.85,218.91
American Samoa,ASM,Total GHG emissions by sector (Mt CO2 eq) - Total excluding LUCF,CC.GHG.EMSE.EL,..,..,..,..,..,..,..,..,..,..,..,..,..,..,..,..,..,..,..,..,..,..,..,..,..,..,..,..,..
Andorra,AND,Total GHG emissions by sector (Mt CO2 eq) - Total excluding LUCF,CC.GHG.EMSE.EL,0.43,0.43,0.43,0.44,0.44,0.46,0.49,0.51,0.54,0.57,0.59,0.59,0.6,0.61,0.64,0.66,0.64,0.64,0.64,0.62,0.63,0.6,0.6,0.59,0.58,0.58,0.59,0.59,0.59
Angola,AGO,Total GHG emissions by sector (Mt CO2 eq) - Total excluding LUCF,CC.GHG.EMSE.EL,42.18,42.84,43.17,43.95,44.1,48.46,46.48,46.68,49.41,48.77,49.59,51.73,55.61,65.37,67.74,67.23,68.08,74.85,76.08,79.69,84.12,86.04,84.93,88.41,88.98,90.62,91.24,87.18,79.73
Antigua and Barbuda,ATG,Total GHG emissions by sector (Mt CO2 eq) - Total excluding LUCF,CC.GHG.EMSE.EL,0.36,0.37,0.45,0.43,0.43,0.46,0.49,0.52,0.57,0.59,0.61,0.65,0.71,0.75,0.76,0.79,0.86,0.92,0.97,1.93,1.04,1.07,1.29,1.06,1.07,1.1,1.13,1.16,1.21
Argentina,ARG,Total GHG emissions by sector (Mt CO2 eq) - Total excluding LUCF,CC.GHG.EMSE.EL,243.03,248.01,252.41,254.92,260,260.58,272.5,274.4,278.48,283.17,284.59,277.33,274.15,295.74,310.99,315.57,330.12,343.55,347.61,328.57,334.59,344.8,348.94,358.18,356.1,362.56,366.37,367.32,365.65
Armenia,ARM,Total GHG emissions by sector (Mt CO2 eq) - Total excluding LUCF,CC.GHG.EMSE.EL,24.31,24.94,14.82,8.63,6.11,6.71,5.65,6.26,6.18,5.67,6.02,6.14,5.81,6.23,6.62,7.35,7.77,8.44,8.99,7.9,7.75,8.38,9.36,9.3,9.26,9.26,9.51,9.28,9.36
Aruba,ABW,Total GHG emissions by sector (Mt CO2 eq) - Total excluding LUCF,CC.GHG.EMSE.EL,..,..,..,..,..,..,..,..,..,..,..,..,..,..,..,..,..,..,..,..,..,..,..,..,..,..,..,..,..
Australia,AUS,Total GHG emissions by sector (Mt CO2 eq) - Total excluding LUCF,CC.GHG.EMSE.EL,503.82,503.74,505.91,505.59,508.67,516.76,514.52,522.74,550.57,583.61,608.21,634.1,627.08,546.71,605.38,568.38,611.7,614.99,587.26,601.07,571.22,673.13,670.93,581.89,593.5,594.58,573.39,619.79,615.38
Austria,AUT,Total GHG emissions by sector (Mt CO2 eq) - Total excluding LUCF,CC.GHG.EMSE.EL,76.26,80.46,74.67,74.59,74.69,77.16,80.88,79.87,79.85,78.03,78.24,82.55,83.86,88.94,89.75,89.79,87.47,84.39,83.95,77,82.72,80.79,77.57,78.12,74.35,75.48,75.66,77.83,74.98
Azerbaijan,AZE,Total GHG emissions by sector (Mt CO2 eq) - Total excluding LUCF,CC.GHG.EMSE.EL,76.76,85.78,62.02,70.16,63.63,61.58,56.94,57.03,57.85,58.18,60.26,60.62,61.53,59.24,60.53,64.52,67.56,66.22,73.8,74.71,78.99,82.31,83.48,83.03,83.21,82.03,81.89,80.52,80.26
"Bahamas, The",BHS,Total GHG emissions by sector (Mt CO2 eq) - Total excluding LUCF,CC.GHG.EMSE.EL,1.99,2.09,2.75,2.32,2.26,2.31,2.21,2.01,2.52,2.48,2.39,2.39,2.54,2.52,2.47,2.32,2.32,2.38,2.44,6.35,2.41,2.77,3.99,3.48,2.98,2.74,2.57,2.54,2.64
Bahrain,BHR,Total GHG emissions by sector (Mt CO2 eq) - Total excluding LUCF,CC.GHG.EMSE.EL,14.06,13.76,15.78,16.68,17.13,17.96,19.34,20.33,22.17,22.86,24.03,24.85,26.02,27.07,27.37,30.46,32.89,34.03,36.43,37.02,38.92,39.66,40.88,43.76,45.9,46.95,47.16,47.94,48.95
Bangladesh,BGD,Total GHG emissions by sector (Mt CO2 eq) - Total excluding LUCF,CC.GHG.EMSE.EL,92.36,92.54,94.44,95.65,98.09,103.12,103.65,105.94,105.87,109.91,112.25,116.87,120.43,122.03,123.76,128.39,133.59,136.52,144.74,148.38,155.97,161.7,165.25,168.63,173.51,182.6,183.5,192.42,198.97
Barbados,BRB,Total GHG emissions by sector (Mt CO2 eq) - Total excluding LUCF,CC.GHG.EMSE.EL,3.12,3.15,3.39,3.24,3.32,3.37,3.38,3.49,3.61,3.65,3.6,3.67,3.72,3.73,3.73,3.77,3.83,3.85,4.17,7.01,4,4.09,4.66,3.94,3.76,3.77,3.82,3.72,3.79
Belarus,BLR,Total GHG emissions by sector (Mt CO2 eq) - Total excluding LUCF,CC.GHG.EMSE.EL,137.46,132.4,118.44,105.66,92.63,84.52,85.23,85.61,83.65,81.18,78.6,77.74,76.51,77.62,81.5,82.28,85.45,84.27,88.53,85.72,90.31,87.38,88.97,89.61,88.89,84.48,83.59,85.2,88.14
Belgium,BEL,Total GHG emissions by sector (Mt CO2 eq) - Total excluding LUCF,CC.GHG.EMSE.EL,130.73,135.67,133.75,131.58,136.94,137.11,142.47,139.27,142.05,138.19,138.31,138.69,131.41,134.79,133.36,129.5,126.52,121.86,124.2,117.13,124.46,112.18,111.59,112.86,106.46,111.52,110.36,108.25,108.75
Belize,BLZ,Total GHG emissions by sector (Mt CO2 eq) - Total excluding LUCF,CC.GHG.EMSE.EL,6.56,6.78,7,7.06,7.17,6.09,4.92,3.97,2.92,1.83,0.8,0.9,0.99,1.06,0.87,0.93,1.02,1.11,1.12,2.17,1.3,1.42,1.45,1.36,1.31,1.48,1.51,1.53,1.56
Benin,BEN,Total GHG emissions by sector (Mt CO2 eq) - Total excluding LUCF,CC.GHG.EMSE.EL,4.76,4.89,5.01,5.12,5.41,5.27,6.51,6.91,7.23,7.22,7.79,7.32,8.24,8.25,8.36,9.43,10.27,11.14,10.96,11.64,12.27,12.48,12.5,13.2,13.79,14.43,16.1,16.27,17.38
Bermuda,BMU,Total GHG emissions by sector (Mt CO2 eq) - Total excluding LUCF,CC.GHG.EMSE.EL,..,..,..,..,..,..,..,..,..,..,..,..,..,..,..,..,..,..,..,..,..,..,..,..,..,..,..,..,..
Bhutan,BTN,Total GHG emissions by sector (Mt CO2 eq) - Total excluding LUCF,CC.GHG.EMSE.EL,1.13,1.18,1.17,1.14,1.17,1.27,1.3,1.39,1.39,1.43,1.41,1.35,1.39,1.36,1.32,1.51,1.49,1.51,1.44,1.47,1.57,1.78,1.87,1.97,2.03,2.04,2.31,2.42,2.47
Bolivia,BOL,Total GHG emissions by sector (Mt CO2 eq) - Total excluding LUCF,CC.GHG.EMSE.EL,23.23,24.03,25.85,27.62,29.69,29.27,28.76,29.35,30.42,30.62,30.52,30.43,33.16,33.94,36.41,38.56,39.23,40.33,41.58,42.91,47.73,47.8,49.13,50.91,51.87,53.4,55.78,56.3,56.87
Bosnia and Herzegovina,BIH,Total GHG emissions by sector (Mt CO2 eq) - Total excluding LUCF,CC.GHG.EMSE.EL,30.14,27.6,20.07,16.62,6.3,6.21,7.3,12.21,14.99,15.02,18.67,18.45,18.59,19.07,20.14,20.82,22.68,23.82,25.71,25.95,25.96,29.04,27.26,27.05,24.47,24.64,27.2,27.46,27.19
Botswana,BWA,Total GHG emissions by sector (Mt CO2 eq) - Total excluding LUCF,CC.GHG.EMSE.EL,13.66,13.1,13.36,13.05,13.32,14.26,15.49,15.17,14.9,15.01,14.92,16.78,17.12,9.99,10.59,11.99,13.86,12.16,20.94,11.83,22.42,27.49,16.49,15.95,14.76,14.4,13.58,17.46,16.12
Brazil,BRA,Total GHG emissions by sector (Mt CO2 eq) - Total excluding LUCF,CC.GHG.EMSE.EL,593.95,621.22,631.15,641.36,657.69,677.74,685.17,713.09,736.04,752.07,765.6,796.35,823.22,837.39,883.46,888.93,886.91,911.24,924.38,905.49,986.44,1004.84,1042.04,1070.85,1105.9,1082.7,1051.69,1064.92,1032.64
British Virgin Islands,VGB,Total GHG emissions by sector (Mt CO2 eq) - Total excluding LUCF,CC.GHG.EMSE.EL,..,..,..,..,..,..,..,..,..,..,..,..,..,..,..,..,..,..,..,..,..,..,..,..,..,..,..,..,..
Brunei Darussalam,BRN,Total GHG emissions by sector (Mt CO2 eq) - Total excluding LUCF,CC.GHG.EMSE.EL,13.88,13.49,13.83,14.24,14.65,15.16,15.69,16.4,15.95,16.16,16.72,16.7,16.83,17.82,17.58,17.56,19.48,18.64,18.53,18.27,17.22,17.27,17.31,17.11,16.96,15.88,16.18,16.33,16.62
Bulgaria,BGR,Total GHG emissions by sector (Mt CO2 eq) - Total excluding LUCF,CC.GHG.EMSE.EL,98.34,81.12,75.25,73.77,69.88,71.1,71.63,69.11,65.26,58.33,57.7,60.16,57.51,62.3,60.99,60.95,61.03,65.21,62.76,55.35,57.04,62.84,57.15,52.06,54.66,57.31,54.27,56.45,53.33
Burkina Faso,BFA,Total GHG emissions by sector (Mt CO2 eq) - Total excluding LUCF,CC.GHG.EMSE.EL,12.51,12.95,13.26,13.52,13.98,14.37,14.4,15.01,15.16,15.5,16.62,15.81,16.55,20.03,20.63,21.3,21.35,22.1,22.94,23.64,24.81,25.25,25.97,26.99,27.49,28.24,29.65,30.56,30.85
Burundi,BDI,Total GHG emissions by sector (Mt CO2 eq) - Total excluding LUCF,CC.GHG.EMSE.EL,2.94,3.04,3.08,3.1,3.04,3.14,3.12,3.15,3.16,3.1,3.05,3,2.96,2.92,2.95,2.98,3.13,3.2,3.33,3.49,3.81,4.01,4.07,4.43,4.37,4.35,4.75,5.39,5.52
Cabo Verde,CPV,Total GHG emissions by sector (Mt CO2 eq) - Total excluding LUCF,CC.GHG.EMSE.EL,0.24,0.25,0.29,0.29,0.28,0.31,0.3,0.31,0.34,0.38,0.4,0.43,0.47,0.5,0.54,0.64,0.7,0.66,0.68,0.73,0.77,0.76,0.73,0.72,0.71,0.72,0.77,0.8,0.83
Cambodia,KHM,Total GHG emissions by sector (Mt CO2 eq) - Total excluding LUCF,CC.GHG.EMSE.EL,17.28,17.1,17.75,18.68,17.6,19.77,20.1,20.28,20.34,21.54,20.45,20.54,21.07,22.65,22.6,24.07,25.64,26.74,27.31,28.71,29.06,30.58,30.31,30.6,31.55,33.72,35.39,37.84,37.46
Cameroon,CMR,Total GHG emissions by sector (Mt CO2 eq) - Total excluding LUCF,CC.GHG.EMSE.EL,17.84,17.53,17.48,21.65,78.09,78.13,77.88,78.81,80.34,80.59,82.58,81.44,81.28,82.63,81.69,83.41,82.99,84.28,83.94,84.42,85.5,84.75,84.45,85.65,86.32,87.3,88.3,88.32,89.05
Canada,CAN,Total GHG emissions by sector (Mt CO2 eq) - Total excluding LUCF,CC.GHG.EMSE.EL,559.84,555.77,571.7,569.72,590.3,605.76,626.13,641.55,650.07,653.8,671.76,660.9,679.48,698.41,693.31,705.08,691,722.54,698.19,661.01,674.2,689.76,694.21,705.42,712.31,707.93,695.2,709.37,724.93
Cayman Islands,CYM,Total GHG emissions by sector (Mt CO2 eq) - Total excluding LUCF,CC.GHG.EMSE.EL,..,..,..,..,..,..,..,..,..,..,..,..,..,..,..,..,..,..,..,..,..,..,..,..,..,..,..,..,..
Central African Republic,CAF,Total GHG emissions by sector (Mt CO2 eq) - Total excluding LUCF,CC.GHG.EMSE.EL,34.73,35.48,35.97,36.45,39.39,39.96,42.36,42.92,45.34,43.39,46.74,42.64,40.13,44.98,42.1,42.87,43.57,44.49,46.24,42.26,44.96,48.06,46.98,50.04,51.37,53.48,55.82,54.78,55.68
Chad,TCD,Total GHG emissions by sector (Mt CO2 eq) - Total excluding LUCF,CC.GHG.EMSE.EL,15.44,21.87,22.74,23.71,24.7,25.73,28.72,29.36,30.2,32.22,35.05,33.35,37.38,41.25,44.46,48.34,49.09,50.99,52.08,52.73,55.15,57.65,60.51,62.82,65.41,70.56,75.22,77.69,80.68
Channel Islands,CHI,Total GHG emissions by sector (Mt CO2 eq) - Total excluding LUCF,CC.GHG.EMSE.EL,..,..,..,..,..,..,..,..,..,..,..,..,..,..,..,..,..,..,..,..,..,..,..,..,..,..,..,..,..
Chile,CHL,Total GHG emissions by sector (Mt CO2 eq) - Total excluding LUCF,CC.GHG.EMSE.EL,47.52,46.79,49.13,50.49,54.02,57.48,63.88,71.06,72.33,75.12,71.48,69.33,70.05,70.92,76.25,76.81,78.18,86.38,90.92,88.35,93.17,99.62,101.9,104.98,98.66,104.02,108.15,109.35,109.59
China,CHN,Total GHG emissions by sector (Mt CO2 eq) - Total excluding LUCF,CC.GHG.EMSE.EL,3222.27,3371.94,3503.1,3726.35,3877.37,4266.84,4302.87,4311.65,4451.04,4401.29,4597.43,4791.44,5100.86,5717.66,6467.06,7194.48,7879.33,8497.04,8786.12,9377.66,10203.82,11074.55,11399.83,11854.53,11865.31,11859.29,11857.18,12058.05,12355.24
Colombia,COL,Total GHG emissions by sector (Mt CO2 eq) - Total excluding LUCF,CC.GHG.EMSE.EL,124.29,126.05,129.72,133.73,135.82,138.85,139.46,144.13,145.83,135.76,139.71,142.19,141.23,143.24,145.07,147.79,149.02,154.39,155.75,159.9,164.35,166.91,165.34,172.01,175.23,176.98,180.94,177.47,184.1
Comoros,COM,Total GHG emissions by sector (Mt CO2 eq) - Total excluding LUCF,CC.GHG.EMSE.EL,0.27,0.27,0.28,0.29,0.29,0.3,0.3,0.31,0.33,0.34,0.32,0.34,0.35,0.37,0.39,0.38,0.41,0.36,0.38,0.4,0.44,0.45,0.46,0.49,0.49,0.51,0.54,0.58,0.59
"Congo, Dem. Rep.",COD,Total GHG emissions by sector (Mt CO2 eq) - Total excluding LUCF,CC.GHG.EMSE.EL,42.21,41.1,41.5,41.87,42.2,42.19,37,36.57,37.62,35.87,35.58,37.32,42.72,45.61,47.79,47.91,49.1,46.51,48.79,49.25,51.03,51.12,52.16,55.97,57.68,57.98,57.64,59.66,58.7
"Congo, Rep.",COG,Total GHG emissions by sector (Mt CO2 eq) - Total excluding LUCF,CC.GHG.EMSE.EL,4.11,6.33,6.25,6.21,5.99,6.17,4.86,5.5,5.48,5.25,5.01,5.29,5.64,6.67,6.78,9.24,9.59,9.65,10.09,10.12,10.25,10.29,10.14,9.63,9.37,9.2,9.25,9.18,9.37
Cook Islands,COK,Total GHG emissions by sector (Mt CO2 eq) - Total excluding LUCF,CC.GHG.EMSE.EL,0.05,0.05,0.05,0.05,0.06,0.06,0.07,0.07,0.07,0.07,0.07,0.06,0.06,0.06,0.07,0.07,0.08,0.08,0.07,0.07,0.08,0.08,0.08,0.08,0.09,0.08,0.09,0.1,0.1
Costa Rica,CRI,Total GHG emissions by sector (Mt CO2 eq) - Total excluding LUCF,CC.GHG.EMSE.EL,8.85,9.12,10.22,10.29,10.67,10.24,10.2,10.29,11.01,10.84,10.7,11.02,11.06,11.43,11.43,11.96,12.28,13.66,13.86,13.45,13.56,14.27,14.23,14.72,14.77,14.63,15.54,15.71,15.81
Cote d'Ivoire,CIV,Total GHG emissions by sector (Mt CO2 eq) - Total excluding LUCF,CC.GHG.EMSE.EL,9.25,14.98,20.57,26.26,32.09,31.86,31.58,32.22,31.81,33.08,32.42,31.48,30.86,28.08,25.7,26.21,24.39,23.19,22.26,20.37,19.32,18.21,19.13,20.46,20.41,21.46,22.73,23.12,22.9
Croatia,HRV,Total GHG emissions by sector (Mt CO2 eq) - Total excluding LUCF,CC.GHG.EMSE.EL,28.69,22.18,23.21,24.09,24.18,25.46,24.8,26.28,26.58,26.26,25.33,26.13,27.13,28.23,28,27.89,28.62,30.12,29.3,26.74,26.18,25.89,23.95,22.83,22.1,22.69,22.73,23.4,22.55
Cuba,CUB,Total GHG emissions by sector (Mt CO2 eq) - Total excluding LUCF,CC.GHG.EMSE.EL,54.48,45.61,39.68,35.89,37.22,38.98,42.07,44.52,43.95,44.28,44.59,43.62,42.27,41.55,41.06,41.23,42.15,43.22,42.68,44.02,47.12,45.95,46.19,44.85,44.52,44.56,45.65,42.48,41.86
Curacao,CUW,Total GHG emissions by sector (Mt CO2 eq) - Total excluding LUCF,CC.GHG.EMSE.EL,..,..,..,..,..,..,..,..,..,..,..,..,..,..,..,..,..,..,..,..,..,..,..,..,..,..,..,..,..
Cyprus,CYP,Total GHG emissions by sector (Mt CO2 eq) - Total excluding LUCF,CC.GHG.EMSE.EL,5.41,5.94,6.36,6.63,6.88,6.77,7.15,7.23,7.56,7.84,8.1,8.02,8.25,8.92,8.86,9,9.11,9.43,9.62,9.44,9.13,8.88,8.37,7.7,8.08,8.14,8.54,8.68,8.6
Czech Republic,CZE,Total GHG emissions by sector (Mt CO2 eq) - Total excluding LUCF,CC.GHG.EMSE.EL,182.34,165.61,161.16,156.44,149.15,149.13,150.74,148.23,141.6,133.49,144.13,143.85,138.24,142.58,143.13,140.06,141.04,144.01,138.95,131.31,134.4,131.78,128.37,123.09,120.36,122.29,124.09,124.12,122.84
Denmark,DNK,Total GHG emissions by sector (Mt CO2 eq) - Total excluding LUCF,CC.GHG.EMSE.EL,68.17,78.79,72.59,75.16,78.86,75.77,89.24,79.57,75.51,72.67,68.47,69.71,69.45,74.88,68.56,64.7,72.47,67.67,64.19,61.37,61.8,56.46,51.39,52.94,48.69,46.61,48.33,46.16,45.87
Djibouti,DJI,Total GHG emissions by sector (Mt CO2 eq) - Total excluding LUCF,CC.GHG.EMSE.EL,0.99,1.01,1.02,1.04,1.05,1.1,1.15,1.18,1.19,1.23,1.27,1.28,1.31,1.33,1.32,1.36,1.36,1.4,1.41,1.4,1.46,1.42,1.46,1.52,1.43,1.52,1.47,1.46,1.48
Dominica,DMA,Total GHG emissions by sector (Mt CO2 eq) - Total excluding LUCF,CC.GHG.EMSE.EL,0.19,0.19,0.21,0.2,0.21,0.21,0.18,0.2,0.19,0.19,0.2,0.22,0.19,0.2,0.22,0.23,0.24,0.25,0.25,0.57,0.25,0.24,0.32,0.24,0.25,0.25,0.25,0.23,0.24
Dominican Republic,DOM,Total GHG emissions by sector (Mt CO2 eq) - Total excluding LUCF,CC.GHG.EMSE.EL,15.9,17.05,18.56,19.09,21.09,21.6,22.52,24.18,26.09,26.74,27.5,28.29,30.69,28.36,27.62,28.85,30.82,32.01,32.19,31.69,33.03,33.39,34.16,33.93,34.17,36.52,37.79,37.01,39.06
Ecuador,ECU,Total GHG emissions by sector (Mt CO2 eq) - Total excluding LUCF,CC.GHG.EMSE.EL,33.82,34.67,36.93,36.69,38.3,41.42,44.8,46.85,45.77,43.14,42.36,46.75,47.13,47.71,50.29,51.79,54.28,54.4,55.7,59.01,61.8,62.78,63.97,66.98,67.82,66.42,65.01,64.06,65.68
"Egypt, Arab Rep.",EGY,Total GHG emissions by sector (Mt CO2 eq) - Total excluding LUCF,CC.GHG.EMSE.EL,129.84,135.48,140.59,142.86,138.54,147.52,154.94,164.36,171.18,180.01,181.32,193.7,198.58,202.88,216.08,234.07,244.69,259.78,268.9,274.96,276.45,283.19,293.98,291.23,297.28,306.35,315.78,320.37,329.22
El Salvador,SLV,Total GHG emissions by sector (Mt CO2 eq) - Total excluding LUCF,CC.GHG.EMSE.EL,7.17,8.01,8.42,8.96,9.64,9.89,9.81,10.64,10.72,10.89,10.76,11.36,11.56,12.09,12.39,12.74,13.21,13.82,13.26,12.87,12.62,12.55,12.7,11.94,12.26,12.7,12.72,11.94,12.35
Equatorial Guinea,GNQ,Total GHG emissions by sector (Mt CO2 eq) - Total excluding LUCF,CC.GHG.EMSE.EL,0.21,0.26,0.32,1.29,1.35,1.4,3.42,5.05,6.54,8.26,10.3,12.58,15.77,18.8,22.79,25.52,26.36,24.52,25.71,26.16,25.79,25.53,25.38,24.27,22.56,21.16,19.14,18.7,19.27
Eritrea,ERI,Total GHG emissions by sector (Mt CO2 eq) - Total excluding LUCF,CC.GHG.EMSE.EL,3.69,4.22,5.26,5.36,6.06,6.67,7.18,7.65,7.66,7.8,7.87,7.45,7.24,7.24,7.16,7.02,6.88,7.31,7.35,7.49,7.5,7.62,7.53,7.42,7.3,7.14,7.25,7.34,7.48
Estonia,EST,Total GHG emissions by sector (Mt CO2 eq) - Total excluding LUCF,CC.GHG.EMSE.EL,39.15,35.37,27.59,21.79,20.91,19.17,20.04,19.62,19.03,17.93,17.53,17.98,17.55,19.48,19.62,19.77,18.53,22.54,21,17.59,21.56,20.69,19.46,21.87,20.54,18.11,18.28,18.92,18.61
Eswatini,SWZ,Total GHG emissions by sector (Mt CO2 eq) - Total excluding LUCF,CC.GHG.EMSE.EL,2.7,2.74,2.69,2.42,2.77,2.77,2.59,2.95,3,3.07,3.01,2.86,2.91,2.92,2.93,2.99,2.89,2.98,2.92,2.92,2.92,2.94,3.01,3.52,2.95,3,3.2,3.05,3.12
Ethiopia,ETH,Total GHG emissions by sector (Mt CO2 eq) - Total excluding LUCF,CC.GHG.EMSE.EL,66.41,68.18,70.72,66.21,68.61,70.74,74.93,78.02,84.79,85.29,83.31,87.34,96.88,95.26,97.63,101.16,106.55,116.9,121.86,126.67,131.44,133.09,140.65,147.51,155.66,161.09,167.19,170.62,172.23
Faroe Islands,FRO,Total GHG emissions by sector (Mt CO2 eq) - Total excluding LUCF,CC.GHG.EMSE.EL,..,..,..,..,..,..,..,..,..,..,..,..,..,..,..,..,..,..,..,..,..,..,..,..,..,..,..,..,..
Fiji,FJI,Total GHG emissions by sector (Mt CO2 eq) - Total excluding LUCF,CC.GHG.EMSE.EL,1.82,1.83,1.88,1.94,1.99,2.05,2.11,2.09,2.05,2.04,2.07,2.34,2.18,2.29,2.72,2.52,2.6,2.5,2.21,2.18,2.37,2.37,2.35,2.51,2.74,2.37,2.61,2.73,2.82
Finland,FIN,Total GHG emissions by sector (Mt CO2 eq) - Total excluding LUCF,CC.GHG.EMSE.EL,69.4,69.3,66.2,67.44,74.04,70.05,76.49,74.53,70.86,69.99,68.45,74.23,76.55,84.65,80.59,68.38,79.71,77.86,69.73,66.06,74.12,66.1,60.38,61.12,57,53.55,56.26,53.32,54.49
France,FRA,Total GHG emissions by sector (Mt CO2 eq) - Total excluding LUCF,CC.GHG.EMSE.EL,502.75,527.54,512.8,494.01,488.27,497.01,515.77,505.84,521.88,511.48,508.56,513.38,505.83,510.7,508.44,509.07,498.79,491.62,485.35,467.05,470.79,453.51,456.32,457.25,424.13,430.14,430.02,432.38,423.35
French Polynesia,PYF,Total GHG emissions by sector (Mt CO2 eq) - Total excluding LUCF,CC.GHG.EMSE.EL,..,..,..,..,..,..,..,..,..,..,..,..,..,..,..,..,..,..,..,..,..,..,..,..,..,..,..,..,..
Gabon,GAB,Total GHG emissions by sector (Mt CO2 eq) - Total excluding LUCF,CC.GHG.EMSE.EL,7.44,7.61,7.82,7.86,7.54,7.42,7.15,7.02,6.84,6.47,6.03,5.96,5.78,5.9,6.05,6.21,5.75,5.81,6.03,6.03,6.7,7.75,8.03,8.04,7.86,7.97,8.36,7.53,7.46
"Gambia, The",GMB,Total GHG emissions by sector (Mt CO2 eq) - Total excluding LUCF,CC.GHG.EMSE.EL,4.41,4.57,4.68,4.8,4.34,3.88,3.61,3.28,3.04,2.73,2.47,2.26,2.05,1.96,1.87,1.74,1.86,1.93,2.11,2.49,2.56,2.26,2.36,2.44,2.59,2.62,2.66,2.7,2.79
Georgia,GEO,Total GHG emissions by sector (Mt CO2 eq) - Total excluding LUCF,CC.GHG.EMSE.EL,52.15,42.02,33.83,27.56,20.22,16.77,15.14,14.44,13.94,13.64,14.02,11.56,11.01,11.55,11.64,12.27,12.63,13.39,12.51,13.26,12.98,14.38,15.26,16.04,16.63,16.97,17.39,17.19,16.9
Germany,DEU,Total GHG emissions by sector (Mt CO2 eq) - Total excluding LUCF,CC.GHG.EMSE.EL,1160.21,1130.62,1082.93,1075.23,1062.35,1055.73,1083.88,1045.89,1019.61,985.18,975.83,991.32,972.93,971.9,952.11,927.71,934.2,905.13,907.8,850.64,881.3,852.55,866.67,883.92,843.66,847.46,850.17,832.65,806.09
Ghana,GHA,Total GHG emissions by sector (Mt CO2 eq) - Total excluding LUCF,CC.GHG.EMSE.EL,12.81,13.08,13.8,14.3,14.78,15.34,16.33,17.35,20.03,19.67,20.39,20.39,21.82,22.53,21.47,23.9,25.18,25.68,25.64,27.08,29.08,32.4,35.34,38.24,38.82,41.45,41.28,42.92,44.5
Gibraltar,GIB,Total GHG emissions by sector (Mt CO2 eq) - Total excluding LUCF,CC.GHG.EMSE.EL,..,..,..,..,..,..,..,..,..,..,..,..,..,..,..,..,..,..,..,..,..,..,..,..,..,..,..,..,..
Greece,GRC,Total GHG emissions by sector (Mt CO2 eq) - Total excluding LUCF,CC.GHG.EMSE.EL,95.35,95.45,97.53,97.9,100.53,104.93,105.99,107.09,111.15,112.28,117.92,118.51,118.89,122.21,121.82,123.91,122.29,125.63,121.79,114.9,108.19,105.76,100.6,92.97,89.91,88.18,86.9,86.51,84.75
Greenland,GRL,Total GHG emissions by sector (Mt CO2 eq) - Total excluding LUCF,CC.GHG.EMSE.EL,..,..,..,..,..,..,..,..,..,..,..,..,..,..,..,..,..,..,..,..,..,..,..,..,..,..,..,..,..
Grenada,GRD,Total GHG emissions by sector (Mt CO2 eq) - Total excluding LUCF,CC.GHG.EMSE.EL,1.84,1.86,1.92,1.91,1.93,1.96,1.99,2.02,2.06,2.07,2.07,2.1,2.13,2.15,2.14,2.16,2.19,2.21,2.24,2.77,2.26,2.27,2.41,2.32,2.26,2.29,2.31,2.33,2.36
Guam,GUM,Total GHG emissions by sector (Mt CO2 eq) - Total excluding LUCF,CC.GHG.EMSE.EL,..,..,..,..,..,..,..,..,..,..,..,..,..,..,..,..,..,..,..,..,..,..,..,..,..,..,..,..,..
Guatemala,GTM,Total GHG emissions by sector (Mt CO2 eq) - Total excluding LUCF,CC.GHG.EMSE.EL,12.19,12.65,13.93,14.69,15.01,16.11,16.14,16.89,18.84,19.39,20.92,21.69,22.61,22.89,23.35,24.71,24.77,26.22,25.06,26.4,26.45,27.07,27.78,28.9,30.12,32.99,34.31,33.57,35.4
Guinea,GIN,Total GHG emissions by sector (Mt CO2 eq) - Total excluding LUCF,CC.GHG.EMSE.EL,10.05,10.37,10.7,11.07,11.49,11.91,11.38,11.7,12.71,12.49,13.18,14.11,15.27,15.42,15.47,16.92,17.23,17.65,18.24,18.76,21.07,22.55,24.01,24.27,24.99,25.68,28.61,28.81,28.89
Guinea-Bissau,GNB,Total GHG emissions by sector (Mt CO2 eq) - Total excluding LUCF,CC.GHG.EMSE.EL,1.58,1.59,1.63,1.66,1.68,1.72,1.65,1.64,1.62,1.76,1.73,2.02,2.07,2.12,2.04,1.99,2.16,2.19,2.11,2.24,2.34,2.34,2.53,2.5,2.5,2.62,2.65,2.74,2.8
Guyana,GUY,Total GHG emissions by sector (Mt CO2 eq) - Total excluding LUCF,CC.GHG.EMSE.EL,2.58,2.81,2.8,2.93,3.23,3.63,3.69,3.91,3.84,3.97,3.64,3.69,3.58,3.8,3.83,3.48,3.3,3.61,3.76,3.78,4.01,4.1,4.36,4.52,4.73,4.83,4.72,4.83,5.04
Haiti,HTI,Total GHG emissions by sector (Mt CO2 eq) - Total excluding LUCF,CC.GHG.EMSE.EL,5.06,5.28,5.69,5.33,4.83,5.62,5.9,6.3,6.44,6.58,7.05,7.22,7.51,7.55,7.42,7.51,7.56,7.97,7.99,8.04,8.57,8.97,8.71,9,9.36,9.68,9.89,9.9,9.93
Honduras,HND,Total GHG emissions by sector (Mt CO2 eq) - Total excluding LUCF,CC.GHG.EMSE.EL,11.9,12.04,12.38,12.2,12.91,13.7,13.29,13.22,13.44,12.87,13.18,14.09,14.49,16.32,17.14,17.1,18.07,18.75,18.77,18.71,18.89,19.92,20.3,20.88,21.12,21.56,21.5,21.3,22.4
"Hong Kong SAR, China",HKG,Total GHG emissions by sector (Mt CO2 eq) - Total excluding LUCF,CC.GHG.EMSE.EL,..,..,..,..,..,..,..,..,..,..,..,..,..,..,..,..,..,..,..,..,..,..,..,..,..,..,..,..,..
Hungary,HUN,Total GHG emissions by sector (Mt CO2 eq) - Total excluding LUCF,CC.GHG.EMSE.EL,89.12,84.09,74.15,74.69,74.35,72.65,74.92,73.27,73.14,73.87,71.05,73.24,71.42,74.34,73.21,72.3,71.52,69.35,67.96,62.11,62.09,61.35,57.47,55.13,55.4,58.33,58.96,60.88,60.92
Iceland,ISL,Total GHG emissions by sector (Mt CO2 eq) - Total excluding LUCF,CC.GHG.EMSE.EL,3.36,3.24,3.04,3,3.08,3.02,3.28,3.26,3.4,3.38,3.42,3.3,3.35,3.32,3.4,3.36,3.83,3.84,3.73,3.39,3.26,3.07,3.06,3.22,3.29,3.33,3.3,3.42,3.44
India,IND,Total GHG emissions by sector (Mt CO2 eq) - Total excluding LUCF,CC.GHG.EMSE.EL,1226.44,1281.48,1313.71,1345.44,1391.78,1457.39,1509.06,1567.73,1601.88,1678.28,1717.56,1741.32,1763.94,1808.91,1894.78,1969.68,2065.57,2209.24,2309.34,2452.66,2564.13,2671.2,2814,2875.98,3048.79,3063.65,3103.11,3229.92,3374.99
Indonesia,IDN,Total GHG emissions by sector (Mt CO2 eq) - Total excluding LUCF,CC.GHG.EMSE.EL,506.47,523.8,544.38,560.64,577.26,608.29,622.66,641.02,647.21,663.05,667.88,681.31,682.15,703.48,708.91,703.25,718.59,731.41,725.82,744.03,762.4,822.48,827.22,796.88,845.07,852,866.36,912.42,969.58
"Iran, Islamic Rep.",IRN,Total GHG emissions by sector (Mt CO2 eq) - Total excluding LUCF,CC.GHG.EMSE.EL,260.94,301.28,322.25,320.54,353.08,370.29,384.5,401.98,410.08,447.91,466.76,483.52,508.2,537.5,574.43,613.27,661.39,699.78,713.33,737.58,743.55,750.7,761.05,781.95,794.19,786.5,795.97,814.73,828.28
Iraq,IRQ,Total GHG emissions by sector (Mt CO2 eq) - Total excluding LUCF,CC.GHG.EMSE.EL,78.78,58.43,80.13,103.13,114.16,110.13,111.88,130.43,96.88,80.28,90.63,102.14,97.86,86.97,90.98,105.14,101.37,95.53,105.02,128.3,141.41,153.59,175.6,186.9,193.68,185.77,197.3,200.79,215.69
Ireland,IRL,Total GHG emissions by sector (Mt CO2 eq) - Total excluding LUCF,CC.GHG.EMSE.EL,56.57,57.14,57.35,58,59.48,60.32,61.8,63.31,66.71,68.26,71.23,73.48,72.74,73.03,72.26,73.47,74.45,72.82,71.77,66.4,65.04,60.65,62.31,61.38,61.54,63.35,65.88,65.25,65.09
Isle of Man,IMN,Total GHG emissions by sector (Mt CO2 eq) - Total excluding LUCF,CC.GHG.EMSE.EL,..,..,..,..,..,..,..,..,..,..,..,..,..,..,..,..,..,..,..,..,..,..,..,..,..,..,..,..,..
Israel,ISR,Total GHG emissions by sector (Mt CO2 eq) - Total excluding LUCF,CC.GHG.EMSE.EL,43.98,45.06,47.84,51.9,55.23,59.06,62.16,65.18,66.55,68.74,73.61,73.51,75.52,76.35,77.44,76.1,80.42,83.61,84.29,83.87,89.32,89.59,96.71,88.55,87.15,89.51,89.42,91.06,87.83
Italy,ITA,Total GHG emissions by sector (Mt CO2 eq) - Total excluding LUCF,CC.GHG.EMSE.EL,491.25,488.85,485.62,479.32,474.03,499.02,495.26,499.04,510.33,517.56,522.47,520.66,528.94,547.47,558.59,559.87,547.47,540.72,525.85,476.97,485.46,474.59,456.71,424.93,405.24,416.15,411.45,405.77,399.6
Jamaica,JAM,Total GHG emissions by sector (Mt CO2 eq) - Total excluding LUCF,CC.GHG.EMSE.EL,9.03,9.02,9.82,10.01,10.05,10.36,10.7,10.84,11.39,11.67,11.78,11.81,11.98,12.41,12.32,12.28,13.48,13.4,11,9.26,8.86,9.01,8.57,9.05,8.89,8.78,9.23,8.69,10.02
Japan,JPN,Total GHG emissions by sector (Mt CO2 eq) - Total excluding LUCF,CC.GHG.EMSE.EL,1185.03,1199.52,1212.81,1205.29,1262.49,1277.53,1291.66,1279.53,1232.41,1258.05,1274.3,1251.44,1283.11,1290.88,1282.76,1283.82,1261.9,1297.98,1231.18,1171.57,1228.24,1284.77,1327.04,1338.63,1300.99,1265.07,1257.73,1235.37,1186.77
Jordan,JOR,Total GHG emissions by sector (Mt CO2 eq) - Total excluding LUCF,CC.GHG.EMSE.EL,18.67,19.14,21.89,22.63,23.71,23.34,22.57,22.07,21.28,20.34,20.9,21.03,21.84,22.43,23.93,25.44,26.18,27.63,26.89,27.57,27.43,28.55,32.12,32.42,34.68,34.97,35.07,36.74,35.81
Kazakhstan,KAZ,Total GHG emissions by sector (Mt CO2 eq) - Total excluding LUCF,CC.GHG.EMSE.EL,309.01,319.04,319.88,278.25,253.28,221.6,193.46,165.45,164.91,148.83,148.04,148.59,165.64,176.83,193.87,206.3,227.66,235.72,282.13,251.22,277.3,294.13,294.14,307.44,258.09,259.34,274.52,283.58,274.22
Kenya,KEN,Total GHG emissions by sector (Mt CO2 eq) - Total excluding LUCF,CC.GHG.EMSE.EL,38.49,37.25,37.25,37.05,37.31,37.65,37.19,37.11,38.56,40.73,39.68,39.2,40.1,41.07,43.69,44.06,44.53,61.33,62.66,63.08,64.7,67.08,66.43,68.44,71.37,73.99,79.55,76.75,78.83
Kiribati,KIR,Total GHG emissions by sector (Mt CO2 eq) - Total excluding LUCF,CC.GHG.EMSE.EL,0.04,0.04,0.04,0.05,0.04,0.05,0.05,0.05,0.05,0.05,0.05,0.05,0.06,0.07,0.08,0.09,0.1,0.08,0.09,0.08,0.08,0.08,0.08,0.09,0.09,0.09,0.1,0.1,0.11
"Korea, Dem. People's Rep.",PRK,Total GHG emissions by sector (Mt CO2 eq) - Total excluding LUCF,CC.GHG.EMSE.EL,159.02,151.51,137.37,127.91,118.48,110.82,99.01,90.67,82.4,86.35,89.64,92.75,89.95,91.25,92.57,95.62,97.82,85.34,93.39,76.8,73.94,59.67,61.41,50.83,54.55,48.43,53.46,46,41.91
"Korea, Rep.",KOR,Total GHG emissions by sector (Mt CO2 eq) - Total excluding LUCF,CC.GHG.EMSE.EL,286.68,312.02,336.58,367.44,395.04,427.42,455.36,481.2,416.39,454.25,511.79,528.55,521.37,529.25,553.34,548.76,557.07,565.86,579.95,593.6,646.42,670.79,675.29,675,664.25,685.8,696.93,710.34,718.88
Kosovo,XKX,Total GHG emissions by sector (Mt CO2 eq) - Total excluding LUCF,CC.GHG.EMSE.EL,..,..,..,..,..,..,..,..,..,..,..,..,..,..,..,..,..,..,..,..,..,..,..,..,..,..,..,..,..
Kuwait,KWT,Total GHG emissions by sector (Mt CO2 eq) - Total excluding LUCF,CC.GHG.EMSE.EL,32.07,38.76,26.35,32.99,37.83,38.24,37.81,39.3,45.53,49.78,53.6,57.5,60.45,63.03,67.17,75.26,78.27,77.93,82.73,85.48,89.24,93.59,97.46,100.56,100.32,106.22,109.84,111.46,112.97
Kyrgyz Republic,KGZ,Total GHG emissions by sector (Mt CO2 eq) - Total excluding LUCF,CC.GHG.EMSE.EL,32.65,30.39,22.73,17.88,12.7,10.01,10.95,10.83,11.04,9.7,9.66,9.07,10.03,10.67,10.82,10.5,10.61,11.86,13.03,12.66,12.33,13.75,16.34,15.87,16.41,16.96,16.51,16.24,18.12
Lao PDR,LAO,Total GHG emissions by sector (Mt CO2 eq) - Total excluding LUCF,CC.GHG.EMSE.EL,7.86,7.72,7.97,7.94,8.24,8.24,8.21,8.4,7.92,7.74,8.07,8.4,8.69,8.91,9.35,9.29,9.66,10.18,10.57,11.41,12.36,12.12,13.11,13.81,14.48,19.02,26.15,29.2,29.27
Latvia,LVA,Total GHG emissions by sector (Mt CO2 eq) - Total excluding LUCF,CC.GHG.EMSE.EL,25.38,23.66,20.93,17.74,14.76,13.02,13.01,12.43,11.98,11.27,10.49,11.02,11.06,11.17,11.25,11.41,11.94,12.36,12.01,11.22,12.39,11.75,11.54,11.49,11.44,11.5,11.34,11.26,11.66
Lebanon,LBN,Total GHG emissions by sector (Mt CO2 eq) - Total excluding LUCF,CC.GHG.EMSE.EL,7.22,8.71,8.77,12.15,13.11,15.37,16.4,18.61,18.95,19.93,18.77,20.09,20.07,20.75,21.3,20.73,19.8,18.78,22.53,25.97,25.06,25.76,28.36,28.35,30.31,32.66,33.79,35.6,34.35
Lesotho,LSO,Total GHG emissions by sector (Mt CO2 eq) - Total excluding LUCF,CC.GHG.EMSE.EL,3.31,3.37,3.58,3.6,3.61,3.57,3.58,3.59,3.56,4.12,4.08,4.08,3.93,4.01,3.99,4.19,4.26,4.46,4.53,4.75,4.9,5.1,5.28,5.28,5.39,5.39,5.42,5.78,5.85
Liberia,LBR,Total GHG emissions by sector (Mt CO2 eq) - Total excluding LUCF,CC.GHG.EMSE.EL,3.6,3.33,3.2,3.04,2.87,2.72,2.84,3.02,3.19,3.22,3.38,3.49,3.57,3.71,3.88,4.07,4.28,4.42,4.5,4.9,5.06,5.82,6.56,7.13,8.11,8.91,9.08,9.02,9.2
Libya,LBY,Total GHG emissions by sector (Mt CO2 eq) - Total excluding LUCF,CC.GHG.EMSE.EL,105.32,102.72,99.77,100.49,105.69,107.57,109.81,109.57,111.01,109.46,111.3,115.37,120.15,123.42,127.32,133.59,134.75,132.52,138.42,141.57,145.81,115.16,117.93,109.15,102.27,84.88,86.62,96.58,103.04
Liechtenstein,LIE,Total GHG emissions by sector (Mt CO2 eq) - Total excluding LUCF,CC.GHG.EMSE.EL,0.23,0.23,0.23,0.24,0.23,0.23,0.23,0.25,0.26,0.25,0.24,0.24,0.25,0.26,0.26,0.26,0.26,0.24,0.26,0.24,0.23,0.21,0.22,0.23,0.2,0.19,0.19,0.19,0.18
Lithuania,LTU,Total GHG emissions by sector (Mt CO2 eq) - Total excluding LUCF,CC.GHG.EMSE.EL,45.2,46.93,32.15,26.24,24.22,22.62,23.38,23.17,24.05,21.32,19.62,20.06,20.42,20.6,21.58,22.72,22.85,23.85,23.28,19.71,20.52,19.98,19.9,19,18.55,18.8,18.82,18.73,18.84
Luxembourg,LUX,Total GHG emissions by sector (Mt CO2 eq) - Total excluding LUCF,CC.GHG.EMSE.EL,12.2,12.68,12.36,12.57,11.73,9.58,9.66,9.16,8.48,8.87,9.4,9.96,10.74,11.15,12.59,12.82,12.62,12.03,11.96,11.38,11.98,11.83,11.58,11.05,10.56,10.05,9.77,9.92,10.22
"Macao SAR, China",MAC,Total GHG emissions by sector (Mt CO2 eq) - Total excluding LUCF,CC.GHG.EMSE.EL,..,..,..,..,..,..,..,..,..,..,..,..,..,..,..,..,..,..,..,..,..,..,..,..,..,..,..,..,..
Madagascar,MDG,Total GHG emissions by sector (Mt CO2 eq) - Total excluding LUCF,CC.GHG.EMSE.EL,26.26,26.36,26.69,27.15,27.11,27.5,27.55,27.46,28.43,28.1,27.55,26.49,24.37,26.89,25.76,29.51,28.27,29.72,28.53,29.12,29.19,29.12,30.48,29.2,29.68,30,31,29.62,30.57
Malawi,MWI,Total GHG emissions by sector (Mt CO2 eq) - Total excluding LUCF,CC.GHG.EMSE.EL,10.92,10.22,9.34,8.6,7.33,7.77,8.02,8.17,8.44,8.56,8.76,8.89,9.51,10.01,10.33,10.74,10.83,11.05,11.41,11.29,11.67,12.44,13.12,13.96,14.9,15.82,16.19,16.95,18.32
Malaysia,MYS,Total GHG emissions by sector (Mt CO2 eq) - Total excluding LUCF,CC.GHG.EMSE.EL,90.37,97.93,104.66,108.05,114.97,122.59,135.22,143.8,145.71,155.09,166.03,172.15,183.54,193.01,208.59,219.1,226.63,244.16,258.71,238.64,259.16,263.03,265.9,282.94,296.24,297.97,294.86,289.73,306.67
Maldives,MDV,Total GHG emissions by sector (Mt CO2 eq) - Total excluding LUCF,CC.GHG.EMSE.EL,0.21,0.21,0.28,0.26,0.27,0.33,0.35,0.42,0.4,0.52,0.56,0.59,0.72,0.64,0.86,0.84,1,1.01,1.02,1.08,1.14,1.22,1.38,1.39,1.65,1.66,2.12,2.23,2.38
Mali,MLI,Total GHG emissions by sector (Mt CO2 eq) - Total excluding LUCF,CC.GHG.EMSE.EL,15.82,15.78,15.83,16.06,16.31,16.66,17.78,18.28,19.72,21.3,22.64,22.34,22.62,23.41,25.72,26.68,27,27.94,29.38,29.62,31.8,32.76,33.43,34.62,35.19,36.67,41.04,42.14,43.74
Malta,MLT,Total GHG emissions by sector (Mt CO2 eq) - Total excluding LUCF,CC.GHG.EMSE.EL,2.52,2.43,2.41,3.05,2.76,2.62,2.57,2.73,2.63,2.67,2.41,2.78,2.62,2.92,2.92,2.97,3.05,3.14,3.08,2.89,2.99,2.98,3.16,2.83,2.84,2.16,1.87,2.01,2.04
Marshall Islands,MHL,Total GHG emissions by sector (Mt CO2 eq) - Total excluding LUCF,CC.GHG.EMSE.EL,..,0.03,0.11,0.11,0.12,0.12,0.12,0.12,0.13,0.13,0.13,0.14,0.15,0.15,0.16,0.17,0.17,0.18,0.17,0.17,0.18,0.18,0.18,0.18,0.19,0.19,0.22,0.22,0.24
Mauritania,MRT,Total GHG emissions by sector (Mt CO2 eq) - Total excluding LUCF,CC.GHG.EMSE.EL,6.72,6.96,6.83,7.05,6.98,7.07,7.59,7.88,8.16,8.73,9.15,9.26,9.35,9.53,9.56,9.71,10.09,10.34,9.74,10.53,11.1,11.22,11.67,11.67,12.15,12.83,13.25,13.92,14.08
Mauritius,MUS,Total GHG emissions by sector (Mt CO2 eq) - Total excluding LUCF,CC.GHG.EMSE.EL,2.28,2.38,2.47,2.63,2.71,2.77,2.94,3.05,3.33,3.86,4.3,4.4,4.42,4.61,4.64,4.83,5.26,5.4,5.51,5.5,5.78,5.83,5.99,6.12,6.33,6.37,6.53,6.72,6.74
Mexico,MEX,Total GHG emissions by sector (Mt CO2 eq) - Total excluding LUCF,CC.GHG.EMSE.EL,392.91,410.91,413.78,433.46,459.06,440.06,466.56,494.35,521.77,505.25,531.67,529.01,534.2,556.09,563.27,586.27,609.01,630.89,660.92,645.32,650.16,664.66,659.24,652.69,645.94,670.1,682.91,678.12,679.88
"Micronesia, Fed. Sts.",FSM,Total GHG emissions by sector (Mt CO2 eq) - Total excluding LUCF,CC.GHG.EMSE.EL,..,0.01,0.11,0.12,0.13,0.19,0.19,0.19,0.2,0.2,0.2,0.22,0.21,0.23,0.23,0.23,0.21,0.21,0.19,0.21,0.19,0.2,0.21,0.22,0.22,0.23,0.26,0.26,0.27
Moldova,MDA,Total GHG emissions by sector (Mt CO2 eq) - Total excluding LUCF,CC.GHG.EMSE.EL,38.42,32.33,27.11,23.72,20.66,18.59,16.83,15.13,13.67,12.3,11.46,11.68,11.82,12.43,12.41,12.7,12.36,12.58,12.45,11.77,12.53,12.69,12.45,11.59,12.22,12.47,12.67,12.7,13.18
Monaco,MCO,Total GHG emissions by sector (Mt CO2 eq) - Total excluding LUCF,CC.GHG.EMSE.EL,..,..,..,..,..,..,..,..,..,..,..,..,..,..,..,..,..,..,..,..,..,..,..,..,..,..,..,..,..
Mongolia,MNG,Total GHG emissions by sector (Mt CO2 eq) - Total excluding LUCF,CC.GHG.EMSE.EL,30.13,32.37,30.23,29.03,27.26,28.18,27.42,28.25,28.65,29.31,30.05,27.51,25.63,25.41,25.18,27.88,30.79,33.49,33.74,34.72,32.05,35.71,39.14,41.59,44.13,45.71,48.09,50.88,52.62
Montenegro,MNE,Total GHG emissions by sector (Mt CO2 eq) - Total excluding LUCF,CC.GHG.EMSE.EL,2.58,2.56,2.45,2.46,2.46,2.53,2.56,2.58,2.59,2.56,2.5,2.52,2.52,2.53,2.38,4.16,4.22,4.02,4.49,3.43,4.18,4.03,3.79,3.66,3.56,3.65,3.4,3.52,3.8
Morocco,MAR,Total GHG emissions by sector (Mt CO2 eq) - Total excluding LUCF,CC.GHG.EMSE.EL,39.68,41.08,42.2,41.89,45,45.62,46.3,48.26,49.18,51.36,52.47,56.36,58.16,58.43,62.98,65.87,68.42,69.66,72.63,73.21,77.02,82.17,84.44,85.26,87.05,89.79,88.66,93.09,94.29
Mozambique,MOZ,Total GHG emissions by sector (Mt CO2 eq) - Total excluding LUCF,CC.GHG.EMSE.EL,19.91,19.89,20.23,20.63,20.6,20.85,20.62,19.33,21.41,20.61,19.65,21.97,23.92,24.63,24.26,26.04,25.09,26.74,27.98,25.96,28.23,27.96,29.19,30.63,32.47,32.91,31.91,32.41,35.04
Myanmar,MMR,Total GHG emissions by sector (Mt CO2 eq) - Total excluding LUCF,CC.GHG.EMSE.EL,55.4,54.9,57.43,60.11,62.63,65.71,65.88,64.71,66.35,71.44,73.31,72.87,73.33,77.68,80.12,83.32,86.32,88.7,87.06,88.09,90.15,88.99,92.79,96.11,101.6,104.97,109.43,119.66,119.65
Namibia,NAM,Total GHG emissions by sector (Mt CO2 eq) - Total excluding LUCF,CC.GHG.EMSE.EL,..,9.36,9.31,9.27,9.46,9.58,9.47,9.33,10.01,10.02,10.81,10.92,9.55,10.22,10.72,11.32,12.67,12.05,10.6,13.51,12.92,17.9,19.49,12.7,11.97,12.1,12.84,12.89,11.93
Nauru,NRU,Total GHG emissions by sector (Mt CO2 eq) - Total excluding LUCF,CC.GHG.EMSE.EL,0.13,0.13,0.13,0.12,0.12,0.11,0.11,0.11,0.11,0.1,0.09,0.09,0.08,0.08,0.07,0.08,0.05,0.05,0.05,0.05,0.05,0.05,0.05,0.05,0.06,0.06,0.07,0.07,0.08
Nepal,NPL,Total GHG emissions by sector (Mt CO2 eq) - Total excluding LUCF,CC.GHG.EMSE.EL,21.76,22.15,22.01,22.96,23.84,25.08,26.03,27.05,28.02,29.53,30.33,30.84,30.44,31.09,31.42,32.22,32.27,32.72,34.02,35.88,37.22,39.02,40.94,41.84,43.86,43.67,47.07,49.58,51.24
Netherlands,NLD,Total GHG emissions by sector (Mt CO2 eq) - Total excluding LUCF,CC.GHG.EMSE.EL,203.96,209.32,208.7,214.22,213.96,219.36,230.29,221.49,221.62,209.17,207.11,208.17,207.69,207.65,209.23,203.58,198.92,198.8,196.57,191.32,202.13,188.89,187.11,186.69,179.38,188.33,188.16,184.55,178.64
New Caledonia,NCL,Total GHG emissions by sector (Mt CO2 eq) - Total excluding LUCF,CC.GHG.EMSE.EL,..,..,..,..,..,..,..,..,..,..,..,..,..,..,..,..,..,..,..,..,..,..,..,..,..,..,..,..,..
New Zealand,NZL,Total GHG emissions by sector (Mt CO2 eq) - Total excluding LUCF,CC.GHG.EMSE.EL,71.05,70.51,71.37,70.44,72.17,73.43,73.98,76.28,74.78,77.03,77.19,79.87,81.42,83.85,82.49,83.99,84.25,82.96,82.99,80.19,79.98,79.4,81.67,81.24,81.74,81.69,80.41,82.06,81.33
Nicaragua,NIC,Total GHG emissions by sector (Mt CO2 eq) - Total excluding LUCF,CC.GHG.EMSE.EL,9.96,8.6,9.51,10.19,10.5,9.89,9.91,10.66,11.09,12.24,12.78,13,13.48,14.49,14.12,14.44,14.73,14.93,14.79,14.9,15.25,16.39,16.76,16.98,17.87,18.84,19.04,18.96,19.07
Niger,NER,Total GHG emissions by sector (Mt CO2 eq) - Total excluding LUCF,CC.GHG.EMSE.EL,13.35,13.87,14.42,15.14,15.69,16.34,17.13,17.77,18.63,19.39,20.21,21.08,21.9,22.83,23.72,24.65,25.62,26.86,28.13,29.51,29.67,31.29,33.75,35.58,37.81,39.61,41.33,43.05,45.05
Nigeria,NGA,Total GHG emissions by sector (Mt CO2 eq) - Total excluding LUCF,CC.GHG.EMSE.EL,201.33,211.53,223.69,223.58,222.25,216.83,218.06,210.55,200.61,193.53,189.75,202.02,206.59,214.1,217.97,234.45,229.74,227.9,230.83,212.73,234.93,253.11,257.54,271.94,281.65,277.14,284.34,291.17,311.45
Niue,NIU,Total GHG emissions by sector (Mt CO2 eq) - Total excluding LUCF,CC.GHG.EMSE.EL,0.01,0.01,0.01,0.01,0.01,0.01,0.01,0.01,0.01,0.01,0.01,0.01,0.01,0.01,0.01,0.01,0.01,0.01,0.01,0.01,0.01,0.01,0.01,0.01,0.01,0.01,0.01,0.01,0.01
North Macedonia,MKD,Total GHG emissions by sector (Mt CO2 eq) - Total excluding LUCF,CC.GHG.EMSE.EL,13.98,13.31,12.72,12.72,12.26,11.9,13.43,12.26,13.03,12.13,11.82,11.88,11.26,12.17,11.95,12.33,12.37,12.81,12.6,11.91,11.75,12.69,12.12,11.24,10.82,10.56,10.53,11.01,10.51
Northern Mariana Islands,MNP,Total GHG emissions by sector (Mt CO2 eq) - Total excluding LUCF,CC.GHG.EMSE.EL,..,..,..,..,..,..,..,..,..,..,..,..,..,..,..,..,..,..,..,..,..,..,..,..,..,..,..,..,..
Norway,NOR,Total GHG emissions by sector (Mt CO2 eq) - Total excluding LUCF,CC.GHG.EMSE.EL,45.95,43.38,43.94,45.78,47.32,46.64,47.5,49.11,50.69,52.65,47.28,47.91,47.39,49.32,49.83,48.57,48.99,49.61,48.13,47.53,51.87,50.12,48.98,48.06,48.31,48.58,47.98,46.92,47.34
Oman,OMN,Total GHG emissions by sector (Mt CO2 eq) - Total excluding LUCF,CC.GHG.EMSE.EL,14.79,19.16,18.13,17.47,17.38,19.32,19.7,21.28,21.51,24.85,27.1,29.87,31.51,32.24,32.12,32.53,42.44,46.22,45.55,48.44,52.48,58.73,65.34,68.28,72.07,76.26,77.84,78.49,82.3
Pakistan,PAK,Total GHG emissions by sector (Mt CO2 eq) - Total excluding LUCF,CC.GHG.EMSE.EL,158.45,159.4,168.6,178.42,185.09,195.56,202.6,209.52,213.32,225.89,228.01,231.23,237.64,245.48,262.42,270.7,290.1,306.86,309.84,320.2,314.47,323.17,326.97,337.42,351.04,365.78,389.4,414.6,431.22
Palau,PLW,Total GHG emissions by sector (Mt CO2 eq) - Total excluding LUCF,CC.GHG.EMSE.EL,..,0.01,0.21,0.21,0.21,0.21,0.21,0.22,0.22,0.22,0.23,0.23,0.23,0.23,0.25,0.28,0.27,0.26,0.23,0.22,0.23,0.24,0.24,0.24,0.25,0.25,0.29,0.3,0.32
Panama,PAN,Total GHG emissions by sector (Mt CO2 eq) - Total excluding LUCF,CC.GHG.EMSE.EL,8.11,8.61,9.29,9.55,9.85,10.07,10.03,9.94,10.98,10.1,10.23,11.63,10.93,11.14,11.25,12.93,13.47,13.5,13.63,15.22,15.88,16.97,17.68,18.03,18.63,18.09,18.3,17.9,18.01
Papua New Guinea,PNG,Total GHG emissions by sector (Mt CO2 eq) - Total excluding LUCF,CC.GHG.EMSE.EL,8.48,9.48,10.5,11.59,12.47,13.8,13.61,13.79,13.73,13.64,13.79,14.31,14.57,14.88,15.79,15.27,15.23,15.37,15.04,15.37,15.39,16.39,17.12,18.35,20.04,21.67,22.68,22.9,22.97
Paraguay,PRY,Total GHG emissions by sector (Mt CO2 eq) - Total excluding LUCF,CC.GHG.EMSE.EL,32.32,29.33,28.7,28.91,28.9,30.9,30.16,30.87,31.43,31.99,30.89,33.04,32.48,34.76,32.92,33.92,34.38,36.81,36.01,38.07,40.66,41.9,43.28,44.8,46.87,47.31,48.06,50.54,49.17
Peru,PER,Total GHG emissions by sector (Mt CO2 eq) - Total excluding LUCF,CC.GHG.EMSE.EL,43.97,42.74,43.61,44.78,47.3,52.08,55.67,56.97,57.16,61.51,62.31,60.5,62.46,62.29,66.67,67.84,67.81,71.71,76.51,80.65,84.65,88.12,88.38,89.84,93.24,94.88,98.04,96.04,96.28
Philippines,PHL,Total GHG emissions by sector (Mt CO2 eq) - Total excluding LUCF,CC.GHG.EMSE.EL,95.75,95.81,97.95,103.46,111.23,123.41,132.37,140.97,134.68,140.44,142.34,141.89,143.55,146.69,150.44,151.72,144.81,150.35,153.56,155.57,161.17,163.3,168.46,179.82,187.64,196.72,209.48,225.87,232.34
Poland,POL,Total GHG emissions by sector (Mt CO2 eq) - Total excluding LUCF,CC.GHG.EMSE.EL,442.31,438.09,427.3,426.79,422.11,421.65,436.36,426.14,396.32,385.65,372.23,372.09,364.32,376.24,380.59,382.22,396.05,396.05,389.77,373.95,391.92,387.76,380.78,375.43,362.36,366.25,377.19,390.07,389.65
Portugal,PRT,Total GHG emissions by sector (Mt CO2 eq) - Total excluding LUCF,CC.GHG.EMSE.EL,56.31,58.02,62.05,60.96,62.87,66.65,64.99,67.36,72.46,79.26,78.79,78.13,82.99,78,80,82.99,77.8,76.4,74.15,73.27,67.99,67.11,65.41,63.7,63.32,67.43,66.38,70.95,66.82
Puerto Rico,PRI,Total GHG emissions by sector (Mt CO2 eq) - Total excluding LUCF,CC.GHG.EMSE.EL,..,..,..,..,..,..,..,..,..,..,..,..,..,..,..,..,..,..,..,..,..,..,..,..,..,..,..,..,..
Qatar,QAT,Total GHG emissions by sector (Mt CO2 eq) - Total excluding LUCF,CC.GHG.EMSE.EL,14.08,16.24,16.42,17.34,18.23,19.1,20.05,21.69,23.13,25.37,24.23,26.17,30.5,32.04,35.26,44.81,49.05,55.95,60.67,63.19,68.84,72.84,80.86,82.7,88.94,92.46,94.7,97.34,99.83
Romania,ROU,Total GHG emissions by sector (Mt CO2 eq) - Total excluding LUCF,CC.GHG.EMSE.EL,245.21,202.75,181.31,169.85,166.4,171.95,175.21,162.58,145.07,129.46,134.09,140.76,137.66,143.5,140.59,138.99,140.42,136.64,134.6,117.96,114.86,119.57,116.87,107.3,106.41,108.09,105.85,108.56,109.01
Russian Federation,RUS,Total GHG emissions by sector (Mt CO2 eq) - Total excluding LUCF,CC.GHG.EMSE.EL,3251.77,3155.35,2919.15,2661.84,2378.69,2298.15,2243.3,2122.51,2100.21,2137.21,2194.34,2220.86,2241.45,2317.61,2362.47,2373.12,2445.03,2456.09,2484.91,2339.9,2454,2546.2,2566.17,2529.02,2521.74,2475.69,2470.1,2494.15,2543.4
Rwanda,RWA,Total GHG emissions by sector (Mt CO2 eq) - Total excluding LUCF,CC.GHG.EMSE.EL,3.77,3.75,3.68,3.59,3.47,3.23,3.37,3.49,3.63,3.85,3.89,4.05,4.16,4.19,4.14,4.07,4.34,4.55,4.74,4.86,5.11,5.04,5.2,5.36,5.4,6.07,6.03,6.09,6.17
Samoa,WSM,Total GHG emissions by sector (Mt CO2 eq) - Total excluding LUCF,CC.GHG.EMSE.EL,0.36,0.36,0.36,0.37,0.41,0.41,0.42,0.42,0.42,0.43,0.44,0.46,0.47,0.47,0.49,0.5,0.51,0.5,0.49,0.51,0.52,0.53,0.54,0.55,0.57,0.62,0.66,0.67,0.69
San Marino,SMR,Total GHG emissions by sector (Mt CO2 eq) - Total excluding LUCF,CC.GHG.EMSE.EL,..,..,..,..,..,..,..,..,..,..,..,..,..,..,..,..,..,..,..,..,..,..,..,..,..,..,..,..,..
Sao Tome and Principe,STP,Total GHG emissions by sector (Mt CO2 eq) - Total excluding LUCF,CC.GHG.EMSE.EL,0.09,0.09,0.09,0.09,0.1,0.1,0.1,0.1,0.11,0.1,0.1,0.1,0.11,0.11,0.12,0.12,0.12,0.12,0.13,0.14,0.15,0.15,0.17,0.17,0.17,0.17,0.18,0.19,0.19
Saudi Arabia,SAU,Total GHG emissions by sector (Mt CO2 eq) - Total excluding LUCF,CC.GHG.EMSE.EL,190.64,212.83,227.52,235.98,250.09,255.07,269.71,253.57,271.9,278.67,291.54,297.91,318.25,331.54,349.93,366.49,389.51,412.59,450.11,470.78,514.56,534.21,568.1,585.81,629.39,660.37,664.17,656.08,638.12
Senegal,SEN,Total GHG emissions by sector (Mt CO2 eq) - Total excluding LUCF,CC.GHG.EMSE.EL,13.77,14.16,14.7,15.05,15.47,15.84,16.66,16.93,17.25,18.53,19.67,19.51,19.03,18.41,20.57,21.34,21.74,21.91,22.85,23.27,24.41,25.49,25.12,26.5,27.14,28.07,29.77,29.75,29.99
Serbia,SRB,Total GHG emissions by sector (Mt CO2 eq) - Total excluding LUCF,CC.GHG.EMSE.EL,82.03,71.72,66.45,60.69,57.01,63.58,71.06,75.9,75.6,58.28,60.23,62.56,65.84,68.84,74.26,67.42,69.72,69.41,68.09,64.75,64.13,68.46,63.72,64.51,56.6,62.91,64.18,64.5,62.6
Seychelles,SYC,Total GHG emissions by sector (Mt CO2 eq) - Total excluding LUCF,CC.GHG.EMSE.EL,0.22,0.24,0.24,0.26,0.28,0.28,0.32,0.43,0.52,0.61,0.67,0.73,0.63,0.65,0.85,0.79,0.84,0.75,0.81,0.62,0.56,0.52,0.57,0.54,0.6,0.65,0.69,0.74,0.78
Sierra Leone,SLE,Total GHG emissions by sector (Mt CO2 eq) - Total excluding LUCF,CC.GHG.EMSE.EL,4.03,4.02,4.13,4.22,4.21,3.87,3.13,3.08,3.06,2.81,3.01,3.6,4.03,4.88,5.28,5.29,6.69,6.01,5.28,5.61,5.36,6,7.11,7.07,7.53,7.46,7.64,7.47,7.19
Singapore,SGP,Total GHG emissions by sector (Mt CO2 eq) - Total excluding LUCF,CC.GHG.EMSE.EL,31.61,34.79,37.39,44.28,47.85,49.2,50.64,50.74,49.71,50.66,55.3,55,54.12,51.02,52.45,49.74,50.19,51.45,51.75,52.3,56.04,59.1,58.71,59.62,60.83,62.56,63.96,65.97,66.64
Sint Maarten (Dutch part),SXM,Total GHG emissions by sector (Mt CO2 eq) - Total excluding LUCF,CC.GHG.EMSE.EL,..,..,..,..,..,..,..,..,..,..,..,..,..,..,..,..,..,..,..,..,..,..,..,..,..,..,..,..,..
Slovak Republic,SVK,Total GHG emissions by sector (Mt CO2 eq) - Total excluding LUCF,CC.GHG.EMSE.EL,66.99,58.95,56.4,53.71,51,51.58,51.63,51.43,50.25,48.79,46.2,46.83,46.27,46.56,45.91,46.79,46.32,45.34,45.22,41.57,43.16,41.67,39.35,40,37.34,37.77,38.58,40.48,39.93
Slovenia,SVN,Total GHG emissions by sector (Mt CO2 eq) - Total excluding LUCF,CC.GHG.EMSE.EL,17.76,16.72,16.46,17.17,17.25,18.12,18.94,19.42,19.15,18.42,18.12,19.02,19.09,19.06,19.29,19.49,19.85,19.79,20.78,18.79,19.08,19.02,18.42,17.78,16.23,16.31,17.13,17.31,17.17
Solomon Islands,SLB,Total GHG emissions by sector (Mt CO2 eq) - Total excluding LUCF,CC.GHG.EMSE.EL,0.4,0.41,0.43,0.44,0.46,0.47,0.49,0.5,0.52,0.54,0.55,0.57,0.59,0.61,0.66,0.69,0.7,0.71,0.71,0.73,0.75,0.78,0.8,0.85,0.82,0.8,0.88,0.9,0.94
Somalia,SOM,Total GHG emissions by sector (Mt CO2 eq) - Total excluding LUCF,CC.GHG.EMSE.EL,25.14,22.27,20.35,22.35,24.32,25,25.47,25.89,25.77,25.86,26.06,26.65,27.08,27.34,27.68,28.16,26.94,25.88,25.95,26.02,26.26,26.44,26.75,26.9,27.05,27.11,27.07,26.92,26.97
South Africa,ZAF,Total GHG emissions by sector (Mt CO2 eq) - Total excluding LUCF,CC.GHG.EMSE.EL,312.74,308.69,305.65,314.09,320.04,330.56,340.02,353.52,359.93,339.74,344.13,378.21,393.81,415.18,442.84,442.92,445.53,465.58,497.47,476.95,499.72,484.25,503.11,513.02,525.05,501.09,501.55,514.6,513.44
South Sudan,SSD,Total GHG emissions by sector (Mt CO2 eq) - Total excluding LUCF,CC.GHG.EMSE.EL,28.6,29.5,31.97,34,35.9,36.61,39.84,42.82,46.69,49.46,53.61,51.64,55.39,58,60.26,63.49,62.71,66.31,67.26,69.38,68.61,65.18,66.94,62.55,59.95,57.41,58.44,56.02,58.66
Spain,ESP,Total GHG emissions by sector (Mt CO2 eq) - Total excluding LUCF,CC.GHG.EMSE.EL,275.27,281.45,291.28,276.49,289.43,303.34,296.73,318.09,327.7,352.53,369.84,367.81,384.51,393.61,409.76,424.48,418.34,434.66,401.45,364.62,349.44,348.82,342.54,316.48,314.95,325.51,315.83,332.17,326.94
Sri Lanka,LKA,Total GHG emissions by sector (Mt CO2 eq) - Total excluding LUCF,CC.GHG.EMSE.EL,24.5,24.46,26.3,26.75,27.67,27.83,27.51,25.41,22.79,22.07,21.2,21.04,22.04,23.26,23.47,25.46,23.92,24.89,25.2,24.35,25.59,28.49,29.86,27.74,30.6,33.9,35.29,35.92,35.24
St. Kitts and Nevis,KNA,Total GHG emissions by sector (Mt CO2 eq) - Total excluding LUCF,CC.GHG.EMSE.EL,0.19,0.19,0.23,0.22,0.23,0.24,0.24,0.25,0.27,0.27,0.28,0.3,0.32,0.32,0.33,0.32,0.33,0.35,0.35,0.81,0.35,0.37,0.45,0.33,0.34,0.35,0.35,0.35,0.37
St. Lucia,LCA,Total GHG emissions by sector (Mt CO2 eq) - Total excluding LUCF,CC.GHG.EMSE.EL,0.89,0.91,1.02,1.02,1.07,1.03,0.96,0.88,0.8,0.72,0.62,0.68,0.64,0.69,0.68,0.65,0.68,0.6,0.61,1.34,0.7,0.68,0.83,0.64,0.69,0.71,0.69,0.71,0.74
St. Martin (French part),MAF,Total GHG emissions by sector (Mt CO2 eq) - Total excluding LUCF,CC.GHG.EMSE.EL,..,..,..,..,..,..,..,..,..,..,..,..,..,..,..,..,..,..,..,..,..,..,..,..,..,..,..,..,..
St. Vincent and the Grenadines,VCT,Total GHG emissions by sector (Mt CO2 eq) - Total excluding LUCF,CC.GHG.EMSE.EL,0.16,0.16,0.19,0.2,0.21,0.23,0.23,0.24,0.27,0.27,0.24,0.29,0.31,0.31,0.33,0.33,0.33,0.38,0.3,1.07,0.33,0.31,0.48,0.3,0.37,0.3,0.35,0.35,0.37
Sudan,SDN,Total GHG emissions by sector (Mt CO2 eq) - Total excluding LUCF,CC.GHG.EMSE.EL,51.99,52.88,56.52,58.45,62.93,63.93,65.92,68.75,71.49,73.6,77.6,73.56,78.86,81.29,83.72,88.34,88.22,93.13,94.26,96.45,94.81,94.53,99.32,99.64,100.83,104.47,109.01,108.91,109.63
Suriname,SUR,Total GHG emissions by sector (Mt CO2 eq) - Total excluding LUCF,CC.GHG.EMSE.EL,2.86,3.22,3.33,3.27,3.3,3.36,3.39,3.37,3.37,3.41,2.71,2.8,2.26,2.46,2.66,2.86,2.81,2.7,2.89,3.03,3.36,3.62,4.09,3.94,4.38,4.48,4.06,3.9,3.78
Sweden,SWE,Total GHG emissions by sector (Mt CO2 eq) - Total excluding LUCF,CC.GHG.EMSE.EL,68.39,69.04,71.59,71.55,73.37,72.91,78.46,72.2,72.97,71.65,67.38,66.33,67.66,68.61,67.12,63.46,61.9,59.78,58.58,54.62,60.07,56.11,53.23,51.53,50.12,50.05,49.52,49.07,46.35
Switzerland,CHE,Total GHG emissions by sector (Mt CO2 eq) - Total excluding LUCF,CC.GHG.EMSE.EL,52.65,54.85,54.77,52.3,51.43,52.36,52.95,51.5,53.04,53.16,52.36,53.96,52.31,53.5,53.95,54.65,54.35,52.41,54.01,52.53,54.1,50.02,51.25,52.27,48.47,47.71,48.19,47.2,46.02
Syrian Arab Republic,SYR,Total GHG emissions by sector (Mt CO2 eq) - Total excluding LUCF,CC.GHG.EMSE.EL,58.52,62.88,64.04,64.52,67.93,72.09,75.31,75.76,79.02,78.01,78.01,78.53,79.14,79.49,81.81,92.94,96.91,100.59,101.7,96.47,95.98,89.57,75.93,56.28,49.1,44.38,44.93,47.54,46.32
"Taiwan, China",TWN,Total GHG emissions by sector (Mt CO2 eq) - Total excluding LUCF,CC.GHG.EMSE.EL,..,..,..,..,..,..,..,..,..,..,..,..,..,..,..,..,..,..,..,..,..,..,..,..,..,..,..,..,..
Tajikistan,TJK,Total GHG emissions by sector (Mt CO2 eq) - Total excluding LUCF,CC.GHG.EMSE.EL,17.79,16.92,13.9,11.07,8.6,8.01,7.37,7.62,7.55,7.08,6.72,6.76,6.81,6.97,7.53,7.61,8.06,8.73,9.08,8.74,8.78,9.06,9.84,10.26,11.7,12.28,13.65,14.2,15.21
Tanzania,TZA,Total GHG emissions by sector (Mt CO2 eq) - Total excluding LUCF,CC.GHG.EMSE.EL,44.38,44.6,44.6,45,45.1,49.2,47.4,47,50.5,51.4,49.27,51.37,56.55,61.73,62.62,66.44,64.64,67.75,70.49,71.63,75.95,81.79,87.95,93.94,97.65,103.82,104.66,103.33,105.38
Thailand,THA,Total GHG emissions by sector (Mt CO2 eq) - Total excluding LUCF,CC.GHG.EMSE.EL,159.66,171.67,183.57,199.67,214.48,233.65,255.05,262.3,241.56,253.22,255.43,266.64,278.01,291.22,309.76,319.06,323.43,336.13,341.85,340.52,360.56,362.4,383.44,395.71,390.01,392.81,395.18,413.2,416.95
Timor-Leste,TLS,Total GHG emissions by sector (Mt CO2 eq) - Total excluding LUCF,CC.GHG.EMSE.EL,0.45,0.52,0.53,0.56,0.64,0.67,0.69,0.69,0.72,0.6,0.67,1.73,2.78,3.64,4.42,5.41,5.76,6.06,6.42,6.74,7.05,6.94,6.92,6.9,6.86,6.89,6.77,6.39,6.19
Togo,TGO,Total GHG emissions by sector (Mt CO2 eq) - Total excluding LUCF,CC.GHG.EMSE.EL,4.17,4,3.69,3.58,3.88,3.91,4.37,4.13,5,5.36,5.22,4.99,5.47,6.13,5.9,6.81,6.25,5.94,6.27,7.71,7.54,8,7.48,7.32,7.05,7.79,8.24,8.01,8.42
Tonga,TON,Total GHG emissions by sector (Mt CO2 eq) - Total excluding LUCF,CC.GHG.EMSE.EL,0.25,0.27,0.25,0.26,0.27,0.26,0.24,0.25,0.24,0.26,0.24,0.23,0.24,0.26,0.27,0.28,0.29,0.27,0.27,0.28,0.26,0.25,0.26,0.26,0.27,0.27,0.31,0.34,0.35
Trinidad and Tobago,TTO,Total GHG emissions by sector (Mt CO2 eq) - Total excluding LUCF,CC.GHG.EMSE.EL,15.15,14.06,13.01,13.56,14.12,14.29,14.55,15.1,15.51,15.71,15.97,17.11,17.81,17.16,17.91,21.69,24.42,24.46,23.71,22.95,25.56,26.41,25.62,26.52,25.99,25.6,22.84,23.07,22.9
Tunisia,TUN,Total GHG emissions by sector (Mt CO2 eq) - Total excluding LUCF,CC.GHG.EMSE.EL,19.85,20.89,21.64,23.21,23.2,23.87,25.37,26.07,27.45,28.89,30.47,31.23,31.31,31.52,32.67,33.18,34.23,34.92,35.05,35.63,37.96,36.29,37.24,37.12,39.36,40.17,39.73,40.72,41.1
Turkiye,TUR,Total GHG emissions by sector (Mt CO2 eq) - Total excluding LUCF,CC.GHG.EMSE.EL,206.21,208.67,216.16,222.67,217.86,232.44,250.19,259.32,260.52,260.42,284.42,262.24,272.52,284.41,290.69,303.23,332.61,362.55,361.14,364.56,374.33,396.91,411.02,402.24,427.12,433.85,460.82,502.67,502.52
Turkmenistan,TKM,Total GHG emissions by sector (Mt CO2 eq) - Total excluding LUCF,CC.GHG.EMSE.EL,79.18,69.95,56.19,53.18,57.44,59.38,56.92,57.69,59.91,66.86,69.8,73.01,77.39,84.55,89.02,89.5,89.92,94.44,94.57,86.29,92.07,101.66,108.94,114.27,119.77,126.15,125.94,125.62,125.08
Turks and Caicos Islands,TCA,Total GHG emissions by sector (Mt CO2 eq) - Total excluding LUCF,CC.GHG.EMSE.EL,..,..,..,..,..,..,..,..,..,..,..,..,..,..,..,..,..,..,..,..,..,..,..,..,..,..,..,..,..
Tuvalu,TUV,Total GHG emissions by sector (Mt CO2 eq) - Total excluding LUCF,CC.GHG.EMSE.EL,0.02,0.02,0.02,0.02,0.02,0.02,0.02,0.02,0.02,0.02,0.02,0.02,0.02,0.02,0.02,0.02,0.02,0.02,0.02,0.02,0.02,0.02,0.02,0.02,0.02,0.02,0.03,0.03,0.03
Uganda,UGA,Total GHG emissions by sector (Mt CO2 eq) - Total excluding LUCF,CC.GHG.EMSE.EL,17.97,18.51,18.84,19.28,19.03,19.81,20.53,21.57,22.97,22.62,23.06,23.56,24.5,26.4,26.64,28.87,28.37,31.86,39.06,40.13,42.96,43.71,45.66,46.67,48.38,50.19,52.85,53.95,54.87
Ukraine,UKR,Total GHG emissions by sector (Mt CO2 eq) - Total excluding LUCF,CC.GHG.EMSE.EL,922.42,876.81,784.36,695.29,600,569.42,507.74,483.34,455.47,451.86,433.67,432.52,435.21,465.77,430.87,412.02,417.43,425.72,411.73,351.8,369.85,391.16,379.03,368.05,332.02,279.07,290.1,264.1,274.51
United Arab Emirates,ARE,Total GHG emissions by sector (Mt CO2 eq) - Total excluding LUCF,CC.GHG.EMSE.EL,69.71,76.25,74.82,77.76,84.37,90.78,96.09,103.86,108.39,112.69,113.34,127.37,131.6,139.31,148.02,156.7,162.95,174.27,199.89,202.08,208.58,214.63,226.57,237.63,240.02,252.85,259.65,269.82,263.24
United Kingdom,GBR,Total GHG emissions by sector (Mt CO2 eq) - Total excluding LUCF,CC.GHG.EMSE.EL,757.35,772.6,750.47,733.57,722.7,713.51,733.63,712.03,708.38,682.21,684.83,695.59,677.78,685.43,680.78,674.86,671.96,656.48,636.52,581.69,594.56,551.94,573.41,554.67,513.8,497.74,475.24,461.19,452.08
United States,USA,Total GHG emissions by sector (Mt CO2 eq) - Total excluding LUCF,CC.GHG.EMSE.EL,5960.28,5918.73,6000.62,6108.08,6199.14,6260.71,6426.07,6675.67,6709.43,6706.4,6861.15,6806.97,6646.96,6706.39,6787.57,6801.82,6707.43,6797.86,6619.98,6194.45,6442.58,6214.43,5968.74,6108.67,6129.04,6003.65,5907.27,5842.8,6023.62
Uruguay,URY,Total GHG emissions by sector (Mt CO2 eq) - Total excluding LUCF,CC.GHG.EMSE.EL,28.78,30.39,32,32.54,32.43,32.63,33.92,33.6,33.16,34.18,32.28,31.92,32.25,33.15,35.06,35.24,37.36,36.32,38.86,38.42,36.01,37.55,38.42,37.42,36.9,36.66,37.05,36.11,36.16
Uzbekistan,UZB,Total GHG emissions by sector (Mt CO2 eq) - Total excluding LUCF,CC.GHG.EMSE.EL,198.68,201.41,191.09,222.99,200.44,191.69,194.11,188.59,199.57,206.42,226.17,230.53,234.34,229.33,231.81,228.86,251.72,249.7,259.18,232.96,238.39,242.35,230.38,232.95,226.09,222.86,230.9,234.92,235.51
Vanuatu,VUT,Total GHG emissions by sector (Mt CO2 eq) - Total excluding LUCF,CC.GHG.EMSE.EL,0.49,0.51,0.53,0.56,0.56,0.57,0.59,0.6,0.6,0.61,0.59,0.57,0.57,0.59,0.58,0.6,0.6,0.73,0.73,0.72,0.74,0.76,0.76,0.76,0.82,0.81,0.86,0.85,0.87
"Venezuela, RB",VEN,Total GHG emissions by sector (Mt CO2 eq) - Total excluding LUCF,CC.GHG.EMSE.EL,179.99,181.78,185.78,192.12,194.87,203.39,217.57,224.3,222.56,218.78,228,230.8,237.76,230.16,233.76,248.5,241,245.28,257.39,258.18,260.46,259.66,279.3,284.14,285.46,270.98,257.6,243.57,233.92
Vietnam,VNM,Total GHG emissions by sector (Mt CO2 eq) - Total excluding LUCF,CC.GHG.EMSE.EL,72.55,75.42,77.93,84.61,90.24,96.39,104.68,112.7,122.4,126.53,134.56,139.58,153.23,161.11,178.68,187.96,194.56,207.66,219.51,240.94,258.43,257.88,258.29,268.77,283,327.32,341.58,340.42,376.53
Virgin Islands (U.S.),VIR,Total GHG emissions by sector (Mt CO2 eq) - Total excluding LUCF,CC.GHG.EMSE.EL,..,..,..,..,..,..,..,..,..,..,..,..,..,..,..,..,..,..,..,..,..,..,..,..,..,..,..,..,..
West Bank and Gaza,PSE,Total GHG emissions by sector (Mt CO2 eq) - Total excluding LUCF,CC.GHG.EMSE.EL,..,..,..,..,..,..,..,..,..,..,..,..,..,..,..,..,..,..,..,..,..,..,..,..,..,..,..,..,..
"Yemen, Rep.",YEM,Total GHG emissions by sector (Mt CO2 eq) - Total excluding LUCF,CC.GHG.EMSE.EL,12.37,14.02,14.8,13.92,14.3,15.82,16.48,17.82,19.24,21.07,22.25,23.84,24.03,26.98,28.24,29.33,29.68,31.41,33.06,36.97,35.61,32.39,31.47,38.35,38.81,26.05,22.74,21.97,21.76
Zambia,ZMB,Total GHG emissions by sector (Mt CO2 eq) - Total excluding LUCF,CC.GHG.EMSE.EL,45.34,44.86,44.18,42.91,41.34,38.85,34.72,33.24,32.69,28.68,25.68,26.26,28.61,31.02,31.15,32.45,30,30.5,30.89,29.8,32.21,32.21,36.13,37.22,37.68,38.84,39.1,39.67,40.67
Zimbabwe,ZWE,Total GHG emissions by sector (Mt CO2 eq) - Total excluding LUCF,CC.GHG.EMSE.EL,32.58,32.88,33.69,30.15,29.89,29.75,31.66,30.65,31.91,34.37,31.81,32.17,29.18,26.48,26.36,26.76,25.68,26.09,24.15,25.17,28.08,30.55,30.78,30.86,29.35,31.28,29.12,28.8,31.38
,,,,,,,,,,,,,,,,,,,,,,,,,,,,,,,,
,,,,,,,,,,,,,,,,,,,,,,,,,,,,,,,,
,,,,,,,,,,,,,,,,,,,,,,,,,,,,,,,,
Data from database: Country Climate and Development Report (CCDR),,,,,,,,,,,,,,,,,,,,,,,,,,,,,,,,
Last Updated: 10/07/2022,,,,,,,,,,,,,,,,,,,,,,,,,,,,,,,,
